weight_mode,max_abs_pred_err,var_interaction_01
uniform,1.2673691575315615e-05,0.13927213373208858
empirical,1.2673691564657474e-05,0.14483691643127367
laplace,1.267369156110476e-05,0.15063856194218647
