rmse_test,max_abs_pred_err,n_estimators,noise
1.7423689698702352,1.267369156110476e-05,80,1.0
